 ,Scores_mean,Scores_std
Decision Tree,0.834913793103,0.00879801460213
knn,0.821767241379,0.00925344803493
Linear SVM,0.838362068966,0.00752769361921
RBF SVM,0.514439655172,0.0125777900529
RandomForestClassifier,0.769935344828,0.0161098236937
AdaBoostClassifier,0.87338362069,0.00613372822015
QuadraticDiscriminantAnalysis,0.792456896552,0.00706127367474
LogisticRegression,0.862392241379,0.0053075906707
